Name,Alias,Category,Lien
tetrahydrocannabinol,THC,Small molecule,https://mad.ibcp.fr/molecule/THC?version=1112458835848635523
N-arachidonyl-ethanolamide,AEA,Small molecule,https://mad.ibcp.fr/molecule/AEA?version=1112460463279893643
C60 fullerene model,F16,Synthetic nanoparticles,https://mad.ibcp.fr/molecule/F16?version=668648874248280422
F216 fullerene model,F216,Synthetic nanoparticles,https://mad.ibcp.fr/molecule/F216?version=668648929595887013
F576 fullerene model,F576,Synthetic nanoparticles,https://mad.ibcp.fr/molecule/F576?version=668648982950769479
F64 fullerene model,F64,Synthetic nanoparticles,https://mad.ibcp.fr/molecule/F64?version=668649067736146085
beta-octylglucoside,BOG,Lipids,https://mad.ibcp.fr/molecule/BOG?version=668649115321530171
dodecylmaltoside,DDM,Lipids,https://mad.ibcp.fr/molecule/DDM?version=668649212940576077
dodecylphosphocholine,DPC,Lipids,https://mad.ibcp.fr/molecule/DPC?version=668649261578224141
C12E5,EO5,Lipids,https://mad.ibcp.fr/molecule/EO5?version=668649312440327501
C16:0/20:4 DAG (PADG),PADG,Lipids,https://mad.ibcp.fr/molecule/PADG?version=668649413114337716
C16:0/18:2 DAG (PIDG),PIDG,Lipids,https://mad.ibcp.fr/molecule/PIDG?version=668649619489911473
di-C16:1-C18:1 DAG (PODG),PODG,Lipids,https://mad.ibcp.fr/molecule/PODG?version=668649729272569588
C16:0/18:1 PIP (POP1),POP1,Lipids,https://mad.ibcp.fr/molecule/POP1?version=668649773395767715
C16:0/18:1 PIP2 (POP2),POP2,Lipids,https://mad.ibcp.fr/molecule/POP2?version=668649827535145058
C16:0/18:1 PIP3 (POP3),POP3,Lipids,https://mad.ibcp.fr/molecule/POP3?version=668649883346256629
C16:0/18:1 PI (POPI),POPI,Lipids,https://mad.ibcp.fr/molecule/POPI?version=668649936934207014
C16:0/22:6 DAG (PUDG),PUDG,Lipids,https://mad.ibcp.fr/molecule/PUDG?version=668650122876566839
di-C16:1-C18:1 DAG (PVDG),PVDG,Lipids,https://mad.ibcp.fr/molecule/PVDG?version=668650232220569322
C16:0/18:1 PIP (PVP1),PVP1,Lipids,https://mad.ibcp.fr/molecule/PVP1?version=668650301696156306
C16:0/18:1 (PVP2),PVP2,Lipids,https://mad.ibcp.fr/molecule/PVP2?version=668650368747361684
C16:0/18:1 PIP3 (PVP3),PVP3,Lipids,https://mad.ibcp.fr/molecule/PVP3?version=668650424497699029
C16:0/18:1 PI (PVPI),PVPI,Lipids,https://mad.ibcp.fr/molecule/PVPI?version=668650502645169299
sodium dodecyl sulfate,SDS,Lipids,https://mad.ibcp.fr/molecule/SDS?version=668650570536668284
ACETAMIDE,ACE,Solvents,https://mad.ibcp.fr/molecule/ACE?version=668650736482101897
ACETIC,ACH,Solvents,https://mad.ibcp.fr/molecule/ACH?version=668650783638253580
benzene,BENZ,Small molecule,https://mad.ibcp.fr/molecule/BENZ?version=731653256098816415
BUTANE,BUT,Solvents,https://mad.ibcp.fr/molecule/BUT?version=668650875376608640
BUTANOL,BOL,Solvents,https://mad.ibcp.fr/molecule/BOL?version=668650921629506865
CHLOROBENZENE,CB,Solvents,https://mad.ibcp.fr/molecule/CB?version=668650967190427962
CHLOROFORM,CLF,Solvents,https://mad.ibcp.fr/molecule/CLF?version=668651018575588766
CHLOROPROPANE,PRX,Solvents,https://mad.ibcp.fr/molecule/PRX?version=668651080866401572
cyclohexane,CHEX,Small molecule,https://mad.ibcp.fr/molecule/CHEX?version=731653995429735177
DODECANE,DEC,Solvents,https://mad.ibcp.fr/molecule/DEC?version=668651168759652497
ETHANOL,EOL,Solvents,https://mad.ibcp.fr/molecule/EOL?version=668651213577725134
ETHER,ETH,Solvents,https://mad.ibcp.fr/molecule/ETH?version=668651267740708257
GLYCERINETRIOLEATE,TO,Solvents,https://mad.ibcp.fr/molecule/TO?version=668651315204567630
HEXADECANE,HD,Solvents,https://mad.ibcp.fr/molecule/HD?version=668651367763667329
HYDRATEDCHLORIDEION,CL-,Ions,https://mad.ibcp.fr/molecule/CL-?version=668651415217154255
HYDRATEDSODIUMION,NA+,Ions,https://mad.ibcp.fr/molecule/NA+?version=668651463593514660
METHYLETHYLSULFIDE,MES,Solvents,https://mad.ibcp.fr/molecule/MES?version=668651515143741037
OCTADECANE,OD,Solvents,https://mad.ibcp.fr/molecule/OD?version=668651588996563229
OCTANE,OCT,Solvents,https://mad.ibcp.fr/molecule/OCT?version=668651636157320414
OCTANOL,OCO,Solvents,https://mad.ibcp.fr/molecule/OCO?version=668651681292590981
PROPANE,POP,Solvents,https://mad.ibcp.fr/molecule/POP?version=668651721780239062
PROPANOL,POL,Solvents,https://mad.ibcp.fr/molecule/POL?version=668651764605187322
PROPANON,PON,Solvents,https://mad.ibcp.fr/molecule/PON?version=668651808176820633
PROPYLAMINE,PAM,Solvents,https://mad.ibcp.fr/molecule/PAM?version=668651850850075228
cis-OCTADECENE,ODE,Solvents,https://mad.ibcp.fr/molecule/ODE?version=668651897223169897
trans-OCTADECENE,ODT,Solvents,https://mad.ibcp.fr/molecule/ODT?version=668651949501128350
ALANINE,ALA,Amino acids,https://mad.ibcp.fr/molecule/ALA?version=668652034989975998
ARGININE,ARG,Amino acids,https://mad.ibcp.fr/molecule/ARG?version=668652123525536231
ARGININENEUTRALFORM,ARG0,Amino acids,https://mad.ibcp.fr/molecule/ARG0?version=668652212968857631
ASPARAGINE,ASN,Amino acids,https://mad.ibcp.fr/molecule/ASN?version=668652296660161571
ASPARTATE,ASP,Amino acids,https://mad.ibcp.fr/molecule/ASP?version=668652387647741417
ASPARTATENEUTRALFORM,ASP0,Amino acids,https://mad.ibcp.fr/molecule/ASP0?version=668652481910673508
CYSTEINE,CYS,Amino acids,https://mad.ibcp.fr/molecule/CYS?version=668652577400169406
GLUTAMATE,GLU,Amino acids,https://mad.ibcp.fr/molecule/GLU?version=668652670151254403
GLUTAMATENEUTRALFORM,GLU0,Amino acids,https://mad.ibcp.fr/molecule/GLU0?version=668652757317616638
GLUTAMINE,GLN,Amino acids,https://mad.ibcp.fr/molecule/GLN?version=668652834259219722
GLYCINE,GLY,Amino acids,https://mad.ibcp.fr/molecule/GLY?version=668652928858345376
HISTIDINE,HIS,Amino acids,https://mad.ibcp.fr/molecule/HIS?version=668653013378872685
HISTIDINECHARGED,HISH,Amino acids,https://mad.ibcp.fr/molecule/HISH?version=668653098289055729
ISOLEUCINE,ILE,Amino acids,https://mad.ibcp.fr/molecule/ILE?version=668653220306114683
LEUCINE,LEU,Amino acids,https://mad.ibcp.fr/molecule/LEU?version=668653350774642367
LYSINE,LYS,Amino acids,https://mad.ibcp.fr/molecule/LYS?version=668653478645794274
LYSINENEUTRALFORM,LYS0,Amino acids,https://mad.ibcp.fr/molecule/LYS0?version=668653604695510940
METHIONINE,MET,Amino acids,https://mad.ibcp.fr/molecule/MET?version=668653732632906210
PHENYLALANINE,PHE,Amino acids,https://mad.ibcp.fr/molecule/PHE?version=668653843679426660
PROLINE,PRO,Amino acids,https://mad.ibcp.fr/molecule/PRO?version=668653948241279167
SERINE,SER,Amino acids,https://mad.ibcp.fr/molecule/SER?version=668654066327243936
THREONINE,THR,Amino acids,https://mad.ibcp.fr/molecule/THR?version=668654165985227648
TRYPTOPHAN,TRP,Amino acids,https://mad.ibcp.fr/molecule/TRP?version=668654260195437888
TYROSINE,TYR,Amino acids,https://mad.ibcp.fr/molecule/TYR?version=668654345219183946
VALINE,VAL,Amino acids,https://mad.ibcp.fr/molecule/VAL?version=668654444188462883
CHOLINEION,NC3+,Ions,https://mad.ibcp.fr/molecule/NC3+?version=668654491773676646
HYDRATEDCALCIUMION,CA+,Ions,https://mad.ibcp.fr/molecule/CA+?version=668654538956185319
C20:4-C22:5 LPC (APC),APC,Lipids,https://mad.ibcp.fr/molecule/APC?version=668654588626185333
C(d20:1/24:1) SM (BNSM),BNSM,Lipids,https://mad.ibcp.fr/molecule/BNSM?version=668654640128035612
cyclic di-DPPC Bolalipid,BOLA,Lipids,https://mad.ibcp.fr/molecule/BOLA?version=668654682188702399
acyclic di-DPPC Bolalipid,BOLB,Lipids,https://mad.ibcp.fr/molecule/BOLB?version=668654728517057387
cardiolipin (CL) 0-,CDL0,Lipids,https://mad.ibcp.fr/molecule/CDL0?version=668654770679765002
cardiolipin (CL) 1-,CDL1,Lipids,https://mad.ibcp.fr/molecule/CDL1?version=668654811694186135
cardiolipin (CL) 2-,CDL2,Lipids,https://mad.ibcp.fr/molecule/CDL2?version=668654855185692333
C04:0-C06:0 LPC (CPC),CPC,Lipids,https://mad.ibcp.fr/molecule/CPC?version=668655028917868590
di-C20:4-C22:5 PA (DAPA),DAPA,Lipids,https://mad.ibcp.fr/molecule/DAPA?version=731642048404925506
di-C20:4-C22:5 PE (DAPE),DAPE,Lipids,https://mad.ibcp.fr/molecule/DAPE?version=731642189070609730
di-C20:4-C22:5 PG (DAPG),DAPG,Lipids,https://mad.ibcp.fr/molecule/DAPG?version=731642258054992454
di-C20:4-C22:5 PS (DAPS),DAPS,Lipids,https://mad.ibcp.fr/molecule/DAPS?version=731642326005147846
C(d20:1/20:0) GM1 (DBG1),DBG1,Lipids,https://mad.ibcp.fr/molecule/DBG1?version=668655288281737527
di-C20:0-C22:0 PA (DBPA),DBPA,Lipids,https://mad.ibcp.fr/molecule/DBPA?version=731642391037820291
di-C20:0-C22:0 PC (DBPC),DBPC,Lipids,https://mad.ibcp.fr/molecule/DBPC?version=731642458592507863
di-C20:0-C22:0 PE (DBPE),DBPE,Lipids,https://mad.ibcp.fr/molecule/DBPE?version=731642526520771754
di-C20:0-C22:0 PG (DBPG),DBPG,Lipids,https://mad.ibcp.fr/molecule/DBPG?version=731642593040111071
di-C20:0-C22:0 PS (DBPS),DBPS,Lipids,https://mad.ibcp.fr/molecule/DBPS?version=731642663536486865
C(d20:1/20:0) SM (DBSM),DBSM,Lipids,https://mad.ibcp.fr/molecule/DBSM?version=668655535435259969
di-C18:3 DGDG (DFGG),DFGG,Lipids,https://mad.ibcp.fr/molecule/DFGG?version=668655575667974684
di-C18:3 MGDG,DFMG,Lipids,https://mad.ibcp.fr/molecule/DFMG?version=668655620725595922
di-C16:3-C18:3 PA (DFPA),DFPA,Lipids,https://mad.ibcp.fr/molecule/DFPA?version=731642727218260152
di-C16:3-C18:3 PC (DFPC),DFPC,Lipids,https://mad.ibcp.fr/molecule/DFPC?version=731642794459657515
di-C16:3-C18:3 PE (DFPE),DFPE,Lipids,https://mad.ibcp.fr/molecule/DFPE?version=731642862676086571
di-C16:3-C18:3 PG (DFPG),DFPG,Lipids,https://mad.ibcp.fr/molecule/DFPG?version=731642929310287529
di-C16:3-C18:3 PS (DFPS),DFPS,Lipids,https://mad.ibcp.fr/molecule/DFPS?version=731642998555544050
di-C20:1-C22:1 PA (DGPA),DGPA,Lipids,https://mad.ibcp.fr/molecule/DGPA?version=731643064150072286
di-C20:1-C22:1 PC (DGPC),DGPC,Lipids,https://mad.ibcp.fr/molecule/DGPC?version=731643131692086458
di-C20:1-C22:1 PE (DGPE),DGPE,Lipids,https://mad.ibcp.fr/molecule/DGPE?version=731643198583702468
di-C20:1-C22:1 PG (DGPG),DGPG,Lipids,https://mad.ibcp.fr/molecule/DGPG?version=731643265642761170
di-C20:1-C22:1 PS (DGPS),DGPS,Lipids,https://mad.ibcp.fr/molecule/DGPS?version=731643335199927301
di-C16:2-C18:2 PA (DIPA),DIPA,Lipids,https://mad.ibcp.fr/molecule/DIPA?version=731643401772316175
di-C16:2-C18:2 PC (DIPC),DIPC,Lipids,https://mad.ibcp.fr/molecule/DIPC?version=731643468016977451
di-C16:2-C18:2 PE (DIPE),DIPE,Lipids,https://mad.ibcp.fr/molecule/DIPE?version=731643537917735119
di-C16:2-C18:2 PG (DIPG),DIPG,Lipids,https://mad.ibcp.fr/molecule/DIPG?version=731643601535230700
di-C16:2-C18:2 PS (DIPS),DIPS,Lipids,https://mad.ibcp.fr/molecule/DIPS?version=731643670391848400
di-C12:0-C14:0 PA (DLPA),DLPA,Lipids,https://mad.ibcp.fr/molecule/DLPA?version=731643736402193848
di-C12:0-C14:0 PC (DLPC),DLPC,Lipids,https://mad.ibcp.fr/molecule/DLPC?version=731643804033717033
di-C12:0-C14:0 PE (DLPE),DLPE,Lipids,https://mad.ibcp.fr/molecule/DLPE?version=731643875845441647
di-C12:0-C14:0 PG (DLPG),DLPG,Lipids,https://mad.ibcp.fr/molecule/DLPG?version=731643940761949802
di-C12:0-C14:0 PS (DLPS),DLPS,Lipids,https://mad.ibcp.fr/molecule/DLPS?version=731644008401851225
di-C24:1-C26:1 PA (DNPA),DNPA,Lipids,https://mad.ibcp.fr/molecule/DNPA?version=731644076343214872
di-C24:1-C26:1 PC (DNPC),DNPC,Lipids,https://mad.ibcp.fr/molecule/DNPC?version=731644142710443743
di-C24:1-C26:1 PE (DNPE),DNPE,Lipids,https://mad.ibcp.fr/molecule/DNPE?version=731644213037095085
di-C24:1-C26:1 PG (DNPG),DNPG,Lipids,https://mad.ibcp.fr/molecule/DNPG?version=731644276802261011
di-C24:1-C26:1 PS (DNPS),DNPS,Lipids,https://mad.ibcp.fr/molecule/DNPS?version=731644344220054531
di-C16:1-C18:1 PA (DOPA),DOPA,Lipids,https://mad.ibcp.fr/molecule/DOPA?version=731644413834548318
di-C16:1-C18:1 PC (DOPC),DOPC,Lipids,https://mad.ibcp.fr/molecule/DOPC?version=731644478371847111
C(d16:1/16:0) GS (DPGS),DPGS,Lipids,https://mad.ibcp.fr/molecule/DPGS?version=668657055674171322
di-C16:0-C18:0 PIP (DPP1),DPP1,Lipids,https://mad.ibcp.fr/molecule/DPP1?version=668657137856989454
di-C16:0-C18:0 PIP2 (DPP2),DPP2,Lipids,https://mad.ibcp.fr/molecule/DPP2?version=668657180416782782
di-C16:0-C18:0 PA (DPPA),DPPA,Lipids,https://mad.ibcp.fr/molecule/DPPA?version=731644749687293485
di-C16:0-C18:0 PC (DPPC),DPPC,Lipids,https://mad.ibcp.fr/molecule/DPPC?version=731644814714693310
di-C16:0-C18:0 PE (DPPE),DPPE,Lipids,https://mad.ibcp.fr/molecule/DPPE?version=731644885967122130
di-C16:0-C18:0 PG (DPPG),DPPG,Lipids,https://mad.ibcp.fr/molecule/DPPG?version=731644949068639165
di-C16:0-C18:0 PI (DPPI),DPPI,Lipids,https://mad.ibcp.fr/molecule/DPPI?version=668657411654485917
di-C16:0-C18:0 PS (DPPS),DPPS,Lipids,https://mad.ibcp.fr/molecule/DPPS?version=731645017289186026
C(d18:1/18:0) SM (DPSM),DPSM,Lipids,https://mad.ibcp.fr/molecule/DPSM?version=668657561138945370
di-C24:6-C26:6 PA (DRPA),DRPA,Lipids,https://mad.ibcp.fr/molecule/DRPA?version=731645085799748788
di-C24:6-C26:6 PC (DRPC),DRPC,Lipids,https://mad.ibcp.fr/molecule/DRPC?version=731645151792011590
di-C24:6-C26:6 PE (DRPE),DRPE,Lipids,https://mad.ibcp.fr/molecule/DRPE?version=731645222449906117
di-C24:6-C26:6 PG (DRPG),DRPG,Lipids,https://mad.ibcp.fr/molecule/DRPG?version=731645285645454177
di-C24:6-C26:6 PS (DRPS),DRPS,Lipids,https://mad.ibcp.fr/molecule/DRPS?version=731645354206802823
di-C08:0-C10:0 PA (DTPA),DTPA,Lipids,https://mad.ibcp.fr/molecule/DTPA?version=731645421959783160
di-C08:0-C10:0 PC (DTPC),DTPC,Lipids,https://mad.ibcp.fr/molecule/DTPC?version=731645488455822429
di-C08:0-C10:0 PE (DTPE),DTPE,Lipids,https://mad.ibcp.fr/molecule/DTPE?version=731645558510413867
di-C08:0-C10:0 PG (DTPG),DTPG,Lipids,https://mad.ibcp.fr/molecule/DTPG?version=731645622120737704
di-C08:0-C10:0 PS (DTPS),DTPS,Lipids,https://mad.ibcp.fr/molecule/DTPS?version=731645690138084373
di-C20:5-C22:6 PE (DUPE),DUPE,Lipids,https://mad.ibcp.fr/molecule/DUPE?version=731645758258341873
di-C20:5-C22:6 PS (DUPS),DUPS,Lipids,https://mad.ibcp.fr/molecule/DUPS?version=731645827516836296
di-C16:1-C18:1 PA (DVPA),DVPA,Lipids,https://mad.ibcp.fr/molecule/DVPA?version=731645894163485976
di-C16:1-C18:1 PC (DVPC),DVPC,Lipids,https://mad.ibcp.fr/molecule/DVPC?version=731645964567191660
di-C16:1-C18:1 PE (DVPE),DVPE,Lipids,https://mad.ibcp.fr/molecule/DVPE?version=731646029671186981
di-C16:1-C18:1 PG (DVPG),DVPG,Lipids,https://mad.ibcp.fr/molecule/DVPG?version=731646099817108097
di-C16:1-C18:1 PS (DVPS),DVPS,Lipids,https://mad.ibcp.fr/molecule/DVPS?version=731646164204763647
di-C24:0-C26:0 PA (DXPA),DXPA,Lipids,https://mad.ibcp.fr/molecule/DXPA?version=731646231073969865
di-C24:0-C26:0 PC (DXPC),DXPC,Lipids,https://mad.ibcp.fr/molecule/DXPC?version=731646301079368888
di-C24:0-C26:0 PE (DXPE),DXPE,Lipids,https://mad.ibcp.fr/molecule/DXPE?version=731646365920447157
di-C24:0-C26:0 PG (DXPG),DXPG,Lipids,https://mad.ibcp.fr/molecule/DXPG?version=731646435111254254
di-C24:0-C26:0 PS (DXPS),DXPS,Lipids,https://mad.ibcp.fr/molecule/DXPS?version=731646500614612020
C(d24:1/24:0) SM (DXSM),DXSM,Lipids,https://mad.ibcp.fr/molecule/DXSM?version=668659045494545822
di-C12:1-C14:1 PA (DYPA),DYPA,Lipids,https://mad.ibcp.fr/molecule/DYPA?version=731646568930471886
di-C12:1-C14:1 PC (DYPC),DYPC,Lipids,https://mad.ibcp.fr/molecule/DYPC?version=731646637003939704
di-C12:1-C14:1 PE (DYPE),DYPE,Lipids,https://mad.ibcp.fr/molecule/DYPE?version=731646702423081300
di-C12:1-C14:1 PG (DYPG),DYPG,Lipids,https://mad.ibcp.fr/molecule/DYPG?version=731646773166736677
di-C12:1-C14:1 PS (DYPS),DYPS,Lipids,https://mad.ibcp.fr/molecule/DYPS?version=731646837256770679
C18:3/16:0 DGDG (FPGG),FPGG,Lipids,https://mad.ibcp.fr/molecule/FPGG?version=668659357327217091
C18:3/16:0 MGDG (FPMG),FPMG,Lipids,https://mad.ibcp.fr/molecule/FPMG?version=668659412479956908
C18:3/16:0 SQDG (FPSG),FPSG,Lipids,https://mad.ibcp.fr/molecule/FPSG?version=668659486601770194
C16:2-C18:2 LPC (IPC),IPC,Lipids,https://mad.ibcp.fr/molecule/IPC?version=668659531903078199
C16:1(3t)/18:3 PG (JFPG),JFPG,Lipids,https://mad.ibcp.fr/molecule/JFPG?version=731646905930815039
C16:1(3t)/16:0 PG (JPPG),JPPG,Lipids,https://mad.ibcp.fr/molecule/JPPG?version=731646973065330552
C12:0-C14:0 LPC (LPC),LPC,Lipids,https://mad.ibcp.fr/molecule/LPC?version=668659703670108417
C12:0/16:0 PA (LPPA),LPPA,Lipids,https://mad.ibcp.fr/molecule/LPPA?version=731647039793559524
C12:0/16:0 PC (LPPC),LPPC,Lipids,https://mad.ibcp.fr/molecule/LPPC?version=731647111088292849
C12:0/16:0 PE (LPPE),LPPE,Lipids,https://mad.ibcp.fr/molecule/LPPE?version=731647173948757003
C12:0/16:0 PG (LPPG),LPPG,Lipids,https://mad.ibcp.fr/molecule/LPPG?version=731647241725066183
C12:0/16:0 PS (LPPS),LPPS,Lipids,https://mad.ibcp.fr/molecule/LPPS?version=731647309478051064
C16:1-C18:1 LPC (OPC),OPC,Lipids,https://mad.ibcp.fr/molecule/OPC?version=668660078695018599
C18:1/16:0 DGDG (OPGG),OPGG,Lipids,https://mad.ibcp.fr/molecule/OPGG?version=668660156254194702
C18:1/16:0 MGDG (OPMG),OPMG,Lipids,https://mad.ibcp.fr/molecule/OPMG?version=668660210379826930
C18:1-C16:0 PG (OPPG),OPPG,Lipids,https://mad.ibcp.fr/molecule/OPPG?version=731647378802474542
C18:1(9c)/16:0 SQDG (OPSG),OPSG,Lipids,https://mad.ibcp.fr/molecule/OPSG?version=668660340133433393
C16:0/20:4 PA (PAPA),PAPA,Lipids,https://mad.ibcp.fr/molecule/PAPA?version=731647446860974183
C16:0/20:4 PC (PAPC),PAPC,Lipids,https://mad.ibcp.fr/molecule/PAPC?version=731647514270007230
C16:0/20:4 PE (PAPE),PAPE,Lipids,https://mad.ibcp.fr/molecule/PAPE?version=731647580905895285
C16:0/20:4 PG (PAPG),PAPG,Lipids,https://mad.ibcp.fr/molecule/PAPG?version=731647647627315040
C16:0/20:4 PI (PAPI),PAPI,Lipids,https://mad.ibcp.fr/molecule/PAPI?version=668660636116369934
C16:0/20:4 PS (PAPS),PAPS,Lipids,https://mad.ibcp.fr/molecule/PAPS?version=731647715392627466
C16:0/20:2 PC (PEPC),PEPC,Lipids,https://mad.ibcp.fr/molecule/PEPC?version=731647782427250855
C16:0/20:1 PA (PGPA),PGPA,Lipids,https://mad.ibcp.fr/molecule/PGPA?version=731647851732801511
C16:0/20:1 PC (PGPC),PGPC,Lipids,https://mad.ibcp.fr/molecule/PGPC?version=731647917056890056
C16:0/20:1 PE (PGPE),PGPE,Lipids,https://mad.ibcp.fr/molecule/PGPE?version=731647984367900098
C16:0/20:1 PG (PGPG),PGPG,Lipids,https://mad.ibcp.fr/molecule/PGPG?version=731648050974138743
C16:0/20:1 PS (PGPS),PGPS,Lipids,https://mad.ibcp.fr/molecule/PGPS?version=731648122749542565
C(d18:1/22:1) SM (PGSM),PGSM,Lipids,https://mad.ibcp.fr/molecule/PGSM?version=668661082364688931
C16:0/18:2 PA (PIPA),PIPA,Lipids,https://mad.ibcp.fr/molecule/PIPA?version=731648187465017355
C16:0/18:2 PC (PIPC),PIPC,Lipids,https://mad.ibcp.fr/molecule/PIPC?version=731648253205189864
C16:0/18:2 PE (PIPE),PIPE,Lipids,https://mad.ibcp.fr/molecule/PIPE?version=731648321686168051
C16:0/18:2 PG (PIPG),PIPG,Lipids,https://mad.ibcp.fr/molecule/PIPG?version=731648387075848744
C16:0/18:2 PI (PIPI),PIPI,Lipids,https://mad.ibcp.fr/molecule/PIPI?version=668661321363508648
C16:0/18:2 PS (PIPS),PIPS,Lipids,https://mad.ibcp.fr/molecule/PIPS?version=731648455084886264
C(d18:1/24:1) GM3 (PNG3),PNG3,Lipids,https://mad.ibcp.fr/molecule/PNG3?version=731664674769807630
C(d18:1/24:1) SM (PNSM),PNSM,Lipids,https://mad.ibcp.fr/molecule/PNSM?version=668661538854003077
C16:0/18:1 PA (POPA),POPA,Lipids,https://mad.ibcp.fr/molecule/POPA?version=731648524828129507
C16:0/18:1 PE (POPE),POPE,Lipids,https://mad.ibcp.fr/molecule/POPE?version=731664759772855254
C(d18:1/18:1) SM (POSM),POSM,Lipids,https://mad.ibcp.fr/molecule/POSM?version=668661830515917184
C16:0/20:3 PE (PQPE),PQPE,Lipids,https://mad.ibcp.fr/molecule/PQPE?version=731648871041012651
C16:0/20:3 PS (PQPS),PQPS,Lipids,https://mad.ibcp.fr/molecule/PQPS?version=731648934563374121
C16:0/24:6 PA (PRPA),PRPA,Lipids,https://mad.ibcp.fr/molecule/PRPA?version=731649001745701199
C16:0/24:6 PC (PRPC),PRPC,Lipids,https://mad.ibcp.fr/molecule/PRPC?version=731649073402984461
C16:0/24:6 PE (PRPE),PRPE,Lipids,https://mad.ibcp.fr/molecule/PRPE?version=731649147076521712
C16:0/24:6 PG (PRPG),PRPG,Lipids,https://mad.ibcp.fr/molecule/PRPG?version=731649213541733878
C16:0/24:6 PS (PRPS),PRPS,Lipids,https://mad.ibcp.fr/molecule/PRPS?version=731649280391482172
C16:0/22:6 PA (PUPA),PUPA,Lipids,https://mad.ibcp.fr/molecule/PUPA?version=731649345821985331
C16:0/22:6 PC (PUPC),PUPC,Lipids,https://mad.ibcp.fr/molecule/PUPC?version=731649417648756164
C16:0/22:6 PE (PUPE),PUPE,Lipids,https://mad.ibcp.fr/molecule/PUPE?version=731649480939611361
C16:0/22:6 PI (PUPI),PUPI,Lipids,https://mad.ibcp.fr/molecule/PUPI?version=668662479851460155
C16:0/22:6 PS (PUPS),PUPS,Lipids,https://mad.ibcp.fr/molecule/PUPS?version=731649547672583207
C(d18:1/18:1) SM (PVSM),PVSM,Lipids,https://mad.ibcp.fr/molecule/PVSM?version=668662583090601349
glyceryl trioleate,TOG,Lipids,https://mad.ibcp.fr/molecule/TOG?version=668662630141171648
C08:0-C10:0 LPC (TPC),TPC,Lipids,https://mad.ibcp.fr/molecule/TPC?version=668662678237808853
C20:5-C22:6 LPC (UPC),UPC,Lipids,https://mad.ibcp.fr/molecule/UPC?version=668662724290871739
C16:1-C18:1 LPC (VPC),VPC,Lipids,https://mad.ibcp.fr/molecule/VPC?version=668662765871205845
C(d24:1/24:1) SM (XNSM),XNSM,Lipids,https://mad.ibcp.fr/molecule/XNSM?version=668662957470001683
ALT_EPIGALLOCATECHINGALLATE,EGCGN0,Phytochemicals,https://mad.ibcp.fr/molecule/EGCGN0?version=668663010407849019
CAPSAICIN,CAPCG,Phytochemicals,https://mad.ibcp.fr/molecule/CAPCG?version=668663056049327280
CURCUMIN,CURCG,Phytochemicals,https://mad.ibcp.fr/molecule/CURCG?version=668663109083160961
EPIGALLOCATECHINGALLATE,EGCGCG,Phytochemicals,https://mad.ibcp.fr/molecule/EGCGCG?version=668663154862520705
GENISTEIN,GENCG,Phytochemicals,https://mad.ibcp.fr/molecule/GENCG?version=668663200127966154
RESVERATROL,RESCG,Phytochemicals,https://mad.ibcp.fr/molecule/RESCG?version=668663251129004216
PAMAM,PAMAM,Polymers,https://mad.ibcp.fr/molecule/PAMAM?version=668663303041374638
CELLOBIOSE,CELL,Sugars,https://mad.ibcp.fr/molecule/CELL?version=668663349977154563
FRUCTOSE,FRUC,Sugars,https://mad.ibcp.fr/molecule/FRUC?version=668663397867788001
GLUCOSE,GLUC,Sugars,https://mad.ibcp.fr/molecule/GLUC?version=668663454727958195
KOJIBIOSE,KOJI,Sugars,https://mad.ibcp.fr/molecule/KOJI?version=668663514441935239
LAMINARABIOSE,LAMI,Sugars,https://mad.ibcp.fr/molecule/LAMI?version=668663570380172533
LAMINARAHEPTABIOSE,CURD,Sugars,https://mad.ibcp.fr/molecule/CURD?version=668663636962119591
MALTOHEPTAOSE,AMYL,Sugars,https://mad.ibcp.fr/molecule/AMYL?version=668663698147069009
MALTOSE,MALT,Sugars,https://mad.ibcp.fr/molecule/MALT?version=668663764552607390
NIGEROSE,NIGE,Sugars,https://mad.ibcp.fr/molecule/NIGE?version=668663816549615901
SOPHOROSE,SOPH,Sugars,https://mad.ibcp.fr/molecule/SOPH?version=668663885536974663
SUCROSE,SUCR,Sugars,https://mad.ibcp.fr/molecule/SUCR?version=668663939595670012
TREHALOSE,TREH,Sugars,https://mad.ibcp.fr/molecule/TREH?version=668663992411167080
HEXANOYLPHOSPHATIDYLCHOLINE,HPC,Surfactants,https://mad.ibcp.fr/molecule/HPC?version=668664066563928149
Bacteroides fragilis Lipid A,BFRA,Lipids,https://mad.ibcp.fr/molecule/BFRA?version=668664126362594852
Bordetella pertussis Lipid A,BPER,Lipids,https://mad.ibcp.fr/molecule/BPER?version=668664194861244011
Campylobacter jejuni Lipid A,CJEJ,Lipids,https://mad.ibcp.fr/molecule/CJEJ?version=668664247223832024
Chlamydia trachomatis Lipid A,CTRA,Lipids,https://mad.ibcp.fr/molecule/CTRA?version=668664311810038909
di-C16:2-C18:2(9-12c) trimethylammonium-propane (DITAP),DITAP,Lipids,https://mad.ibcp.fr/molecule/DITAP?version=668664366548191433
di-C16:1-C18:1 trimethylammonium-propane (DOTAP),DOTAP,Lipids,https://mad.ibcp.fr/molecule/DOTAP?version=668664432636432195
di-C16:0-C18:0 trimethylammonium-propane (DPTAP),DPTAP,Lipids,https://mad.ibcp.fr/molecule/DPTAP?version=668664487889655215
ergosterol,ERGO,Lipids,https://mad.ibcp.fr/molecule/ERGO?version=668664533771903227
martini_v2.0_HBHT_01,HBHT,Lipids,https://mad.ibcp.fr/molecule/HBHT?version=668664577601119417
Helicobacter pylori Lipid A,HPYL,Lipids,https://mad.ibcp.fr/molecule/HPYL?version=668664623320225423
Pseudomonas aeruginosa PAO1 lipopolysaccharide,LPS,Lipids,https://mad.ibcp.fr/molecule/LPS?version=668664664927719006
Neisseria meningitidis Lipid A,NMEN,Lipids,https://mad.ibcp.fr/molecule/NMEN?version=668664708166848210
Pseudomonas aeruginosa Lipid A,PARU,Lipids,https://mad.ibcp.fr/molecule/PARU?version=668664750842369668
Porphyromonas gingivalis Lipid A,PGIN,Lipids,https://mad.ibcp.fr/molecule/PGIN?version=668664794893236610
Salmonella minnesota Lipid A,SMIN,Lipids,https://mad.ibcp.fr/molecule/SMIN?version=668664834752409585
diploptene,HDPT,Lipids,https://mad.ibcp.fr/molecule/HDPT?version=668664876546743467
hopane,HHOP,Lipids,https://mad.ibcp.fr/molecule/HHOP?version=668664922567807133
hopanoid polycyclic moiety,HOPR,Lipids,https://mad.ibcp.fr/molecule/HOPR?version=668664962208529210
di-C20:4-C22:5 PC (DAPC),DAPC,Lipids,https://mad.ibcp.fr/molecule/DAPC?version=731672601500623480
di-C16:1-C18:1 PE (DOPE),DOPE,Lipids,https://mad.ibcp.fr/molecule/DOPE?version=731672689778665770
di-C16:1-C18:1 PG (DOPG),DOPG,Lipids,https://mad.ibcp.fr/molecule/DOPG?version=731672774401184036
di-C16:1-C18:1 PS (DOPS),DOPS,Lipids,https://mad.ibcp.fr/molecule/DOPS?version=731672858282480275
C16:0/18:1 PC (POPC),POPC,Lipids,https://mad.ibcp.fr/molecule/POPC?version=731673614593789038
C16:0/18:1 PG (POPG),POPG,Lipids,https://mad.ibcp.fr/molecule/POPG?version=731673695953474367
C16:0/18:1 PS (POPS),POPS,Lipids,https://mad.ibcp.fr/molecule/POPS?version=731673779491245829
1-methylimidazole,1MIMI,Small molecule,https://mad.ibcp.fr/molecule/1MIMI?version=731652371657079594
2-methylpyridine,2MPYR,Small molecule,https://mad.ibcp.fr/molecule/2MPYR?version=731652438203913401
2-nitro-m-xylene,2NIMX,Small molecule,https://mad.ibcp.fr/molecule/2NIMX?version=731652509028400812
2-nitrotoluene,2NITL,Small molecule,https://mad.ibcp.fr/molecule/2NITL?version=731652575840591321
2.2'-bithiophene,2T,Small molecule,https://mad.ibcp.fr/molecule/2T?version=731652648785061881
3-hexyl-thiophene,3HT,Small molecule,https://mad.ibcp.fr/molecule/3HT?version=731652719968003227
3-propyl-thiophene,3PT,Small molecule,https://mad.ibcp.fr/molecule/3PT?version=731652784449857021
4-methylimidazole,4MIMI,Small molecule,https://mad.ibcp.fr/molecule/4MIMI?version=731652853971116915
4-nitroanisole,4NIAN,Small molecule,https://mad.ibcp.fr/molecule/4NIAN?version=731652919238754135
acetophenone,ACPH,Small molecule,https://mad.ibcp.fr/molecule/ACPH?version=731652986708537338
aniline,ANIL,Small molecule,https://mad.ibcp.fr/molecule/ANIL?version=731653055791374212
anthracene,ANTH,Small molecule,https://mad.ibcp.fr/molecule/ANTH?version=731653122017959177
benzaldehyde,BEAL,Small molecule,https://mad.ibcp.fr/molecule/BEAL?version=731653191663369345
4-boromoanisole,BRA,Small molecule,https://mad.ibcp.fr/molecule/BRA?version=731653323549961654
bromobenzene,BRBZ,Small molecule,https://mad.ibcp.fr/molecule/BRBZ?version=731653392485901737
"1,3-benzenediol",BZDOL,Small molecule,https://mad.ibcp.fr/molecule/BZDOL?version=731653457706202909
benzimidazole,BZIM,Small molecule,https://mad.ibcp.fr/molecule/BZIM?version=731653528849769397
benzonitrile,BZNI,Small molecule,https://mad.ibcp.fr/molecule/BZNI?version=731653592714138329
para-benzoquinone,BZQU,Small molecule,https://mad.ibcp.fr/molecule/BZQU?version=731653664986790856
benzothiazole,BZTA,Small molecule,https://mad.ibcp.fr/molecule/BZTA?version=731653729481055352
benzotrifluoride,BZTF,Small molecule,https://mad.ibcp.fr/molecule/BZTF?version=731653794361430581
benzothiophene,BZTH,Small molecule,https://mad.ibcp.fr/molecule/BZTH?version=731653865029522250
caffeine,CAFF,Small molecule,https://mad.ibcp.fr/molecule/CAFF?version=731653928894901178
cyclohexene,CHEXE,Small molecule,https://mad.ibcp.fr/molecule/CHEXE?version=731654064332414257
chlorobenzene,CLBZ,Small molecule,https://mad.ibcp.fr/molecule/CLBZ?version=731654131330765462
chlorpropham,CLPR,Small molecule,https://mad.ibcp.fr/molecule/CLPR?version=731654199650327972
2-chlorotoluene,CLTL,Small molecule,https://mad.ibcp.fr/molecule/CLTL?version=731654266734507605
1-chloro-naphthalene,CNAP,Small molecule,https://mad.ibcp.fr/molecule/CNAP?version=731654334145134618
cyclopropane,CPR,Small molecule,https://mad.ibcp.fr/molecule/CPR?version=731654404249598121
cumene,CUME,Small molecule,https://mad.ibcp.fr/molecule/CUME?version=731654470277108215
cyclopentane,CYPE,Small molecule,https://mad.ibcp.fr/molecule/CYPE?version=731654537335715670
cyclopentanone,CYPO,Small molecule,https://mad.ibcp.fr/molecule/CYPO?version=731654606627333728
cyclopentanol,CYPOL,Small molecule,https://mad.ibcp.fr/molecule/CYPOL?version=731654672159510333
"1,2-dibromobenzene / 1,3-dibromobenzene",DBRBZ,Small molecule,https://mad.ibcp.fr/molecule/DBRBZ?version=731654742251515292
"1,2-dichlorobenzene / 1,3-dichlorobenzene",DCLBZ,Small molecule,https://mad.ibcp.fr/molecule/DCLBZ?version=731654806667851994
"1,4-dioxane",DIOX,Small molecule,https://mad.ibcp.fr/molecule/DIOX?version=731654873352755456
"N,N-dimethylaniline",DMAN,Small molecule,https://mad.ibcp.fr/molecule/DMAN?version=731654942802473495
"2,5-dimethyl-1,4-benzoquinone",DMBZQ,Small molecule,https://mad.ibcp.fr/molecule/DMBZQ?version=731655007946942254
"1,3-dioxolane",DXLA,Small molecule,https://mad.ibcp.fr/molecule/DXLA?version=731655077577068831
ethyl-benzene,EBEN,Small molecule,https://mad.ibcp.fr/molecule/EBEN?version=731655142804070293
1-ethylnaphthalene,ENAPH,Small molecule,https://mad.ibcp.fr/molecule/ENAPH?version=731655210179495550
furan,FURA,Small molecule,https://mad.ibcp.fr/molecule/FURA?version=731655279368591917
imidazole,IMID,Small molecule,https://mad.ibcp.fr/molecule/IMID?version=731655343209187753
indazole,INDA,Small molecule,https://mad.ibcp.fr/molecule/INDA?version=731655411196389040
indole,INDO,Small molecule,https://mad.ibcp.fr/molecule/INDO?version=731655477636477943
iodobenzene,IOBZ,Small molecule,https://mad.ibcp.fr/molecule/IOBZ?version=731655544891000486
2-iodophenol,IOPHE,Small molecule,https://mad.ibcp.fr/molecule/IOPHE?version=731655613755363076
methyl-benzoate,MBZOA,Small molecule,https://mad.ibcp.fr/molecule/MBZOA?version=731655679556134686
methylcyclopentane,MCYPE,Small molecule,https://mad.ibcp.fr/molecule/MCYPE?version=731655748808948495
mesitylene,MESI,Small molecule,https://mad.ibcp.fr/molecule/MESI?version=731655813412643720
3-methyl-1H-indole,MIND,Small molecule,https://mad.ibcp.fr/molecule/MIND?version=731655881248693735
1-methyl-indazole,MINDA,Small molecule,https://mad.ibcp.fr/molecule/MINDA?version=731655951925792708
1-methyl-naphthalene,MNAP,Small molecule,https://mad.ibcp.fr/molecule/MNAP?version=731656017049147657
m-xylene,MXYLE,Small molecule,https://mad.ibcp.fr/molecule/MXYLE?version=731656087793476812
naphthalene,NAPH,Small molecule,https://mad.ibcp.fr/molecule/NAPH?version=731656153337328992
"1,5-naphthyridine",NAPY,Small molecule,https://mad.ibcp.fr/molecule/NAPY?version=731656221019478191
N-boc-2-aminophenol,NBAPH,Small molecule,https://mad.ibcp.fr/molecule/NBAPH?version=731656287489951535
"(4-(1,3-dimethyl-2,3-dihydro-1H-benzoimidazol-2-yl)phenyl)dimethylamine",NDMBI,Small molecule,https://mad.ibcp.fr/molecule/NDMBI?version=731656353993549670
nitrobenzene,NIBZ,Small molecule,https://mad.ibcp.fr/molecule/NIBZ?version=731656424683416274
ortho-methylanisole,OMA,Small molecule,https://mad.ibcp.fr/molecule/OMA?version=731656489124742310
o-xylene,OXYLE,Small molecule,https://mad.ibcp.fr/molecule/OXYLE?version=731656556259336548
propyl-benzene,PBEN,Small molecule,https://mad.ibcp.fr/molecule/PBEN?version=731656624135492781
propyl-benzoate,PBZOA,Small molecule,https://mad.ibcp.fr/molecule/PBZOA?version=731656690810294761
para-cresol,PCRE,Small molecule,https://mad.ibcp.fr/molecule/PCRE?version=731656760105936774
p-cymene,PCYM,Small molecule,https://mad.ibcp.fr/molecule/PCYM?version=731656826091165224
phenol,PHEN,Small molecule,https://mad.ibcp.fr/molecule/PHEN?version=731656894008557742
piperidine,PIPER,Small molecule,https://mad.ibcp.fr/molecule/PIPER?version=731656960833007459
p-xylene,PXYLE,Small molecule,https://mad.ibcp.fr/molecule/PXYLE?version=731657027075972971
pyridazine,PYAZ,Small molecule,https://mad.ibcp.fr/molecule/PYAZ?version=731657095650735402
pyrrolidine,PYLI,Small molecule,https://mad.ibcp.fr/molecule/PYLI?version=731657163416198705
pyrimidine,PYMI,Small molecule,https://mad.ibcp.fr/molecule/PYMI?version=731657228771128039
pyridine,PYRI,Small molecule,https://mad.ibcp.fr/molecule/PYRI?version=731657296211978478
pyrrole,PYRR,Small molecule,https://mad.ibcp.fr/molecule/PYRR?version=731657362790730244
quinole,QUIN,Small molecule,https://mad.ibcp.fr/molecule/QUIN?version=731657432132718776
styrene,STYR,Small molecule,https://mad.ibcp.fr/molecule/STYR?version=731657501690571555
"1,2,4-trichlorobenzene",TCLBZ,Small molecule,https://mad.ibcp.fr/molecule/TCLBZ?version=731657567352672291
"TEG-DMBI / (4-(1,3-dimethyl-2,3-dihydro-1H-benzoimidazol-2-yl)phenyl)TEG",TDMBI,Small molecule,https://mad.ibcp.fr/molecule/TDMBI?version=731657637848464113
tetracene,TECE,Small molecule,https://mad.ibcp.fr/molecule/TECE?version=731657701529920071
thiazole,THAZ,Small molecule,https://mad.ibcp.fr/molecule/THAZ?version=731657768691128686
tetrahydrofuran,THF,Small molecule,https://mad.ibcp.fr/molecule/THF?version=731657837749343918
thiophene,THIO,Small molecule,https://mad.ibcp.fr/molecule/THIO?version=731657903222563214
tetrahydropyran,THP,Small molecule,https://mad.ibcp.fr/molecule/THP?version=731657975683641692
thiophenol,THPH,Small molecule,https://mad.ibcp.fr/molecule/THPH?version=731658049035125739
"thieno[2,3-c]pyridine",THPY,Small molecule,https://mad.ibcp.fr/molecule/THPY?version=731658114140969647
tetrahydrothiophene,THT,Small molecule,https://mad.ibcp.fr/molecule/THT?version=731658186586198270
toluene,TOLU,Small molecule,https://mad.ibcp.fr/molecule/TOLU?version=731658258879878996
methoxybenzene / anisole,XBZ,Small molecule,https://mad.ibcp.fr/molecule/XBZ?version=731658324220225469
1-methoxynaphthalene,XNAPH,Small molecule,https://mad.ibcp.fr/molecule/XNAPH?version=731658394200116906
C(d20:1/20:0) GM3 (DBG3),DBG3,Lipids,https://mad.ibcp.fr/molecule/DBG3?version=731664193934397424
arachidonic (C20:4) / docosapentaenoic (C22:5) acid,ACA,Lipids,https://mad.ibcp.fr/molecule/ACA?version=731664968254401919
arachidonic (C20:4) / docosapentaenoic (C22:5) acid (unprotonated),ACN,Lipids,https://mad.ibcp.fr/molecule/ACN?version=731665009292467188
arachidic (C20:0) / behenic (C22:0) acid,BCA,Lipids,https://mad.ibcp.fr/molecule/BCA?version=731665050901715774
arachidic (C20:0) / behenic (C22:0) acid (unprotonated),BCN,Lipids,https://mad.ibcp.fr/molecule/BCN?version=731665094820310882
lauric (C12:0) / myristic (C14:0),LCA,Lipids,https://mad.ibcp.fr/molecule/LCA?version=731665134533764634
lauric (C12:0) / myristic (C14:0) (unprotonated),LCN,Lipids,https://mad.ibcp.fr/molecule/LCN?version=731665177154355873
palmitoyl-CoA (unprotonated),PCN,Lipids,https://mad.ibcp.fr/molecule/PCN?version=731665220080961330
docosahexaenoic (C22:6) acid (DHA),UCA,Lipids,https://mad.ibcp.fr/molecule/UCA?version=731665262830327541
docosahexaenoic (C22:6) acid (DHA) (unprotonated),UCN,Lipids,https://mad.ibcp.fr/molecule/UCN?version=731665303957989938
lignoceroyl (C24:0) / hexacosanoic (C26:0) acid,XCA,Lipids,https://mad.ibcp.fr/molecule/XCA?version=731665344892244148
lignoceroyl (C24:0) / hexacosanoic (C26:0) acid (unprotonated),XCN,Lipids,https://mad.ibcp.fr/molecule/XCN?version=731665387547064579
cholate,CHOA,Lipids,https://mad.ibcp.fr/molecule/CHOA?version=731672353009308395
cholesterol,CHOL,Lipids,https://mad.ibcp.fr/molecule/CHOL?version=731672437140964041
cholesteryl oleate,CHYO,Lipids,https://mad.ibcp.fr/molecule/CHYO?version=731672520509276690
C(d18:1/18:0) GM1 (DPG1),DPG1,Lipids,https://mad.ibcp.fr/molecule/DPG1?version=731672943590408412
C(d18:1/18:0) GM3 (DPG3),DPG3,Lipids,https://mad.ibcp.fr/molecule/DPG3?version=731673024541941509
di-C16:0-C18:0 DGDG (DPGG),DPGG,Lipids,https://mad.ibcp.fr/molecule/DPGG?version=731673105841099119
di-C16:0-C18:0 MGDG (DPMG),DPMG,Lipids,https://mad.ibcp.fr/molecule/DPMG?version=731673194057135610
di-C16:0-C18:0 DPSG (DPSG),DPSG,Lipids,https://mad.ibcp.fr/molecule/DPSG?version=731673338484070452
C(d24:1/24:0) GM1 (DXG1),DXG1,Lipids,https://mad.ibcp.fr/molecule/DXG1?version=731673378938484717
C(d24:1/24:0) GM3 (DXG3),DXG3,Lipids,https://mad.ibcp.fr/molecule/DXG3?version=731673455362219483
C(d18:1/24:1) GM1 (PNG1),PNG1,Lipids,https://mad.ibcp.fr/molecule/PNG1?version=731673539188554243
PALMITOYL PHOSPHATIDYLCHOLINE,PPC,Lipids,https://mad.ibcp.fr/molecule/PPC?version=731673865154289914
C(d24:1/24:1) GM1 (XNG1),XNG1,Lipids,https://mad.ibcp.fr/molecule/XNG1?version=731673950085920348
C(d24:1/24:1) GM3 (XNG3),XNG3,Lipids,https://mad.ibcp.fr/molecule/XNG3?version=731674032201302686
C(d24:1/24:0) CER (DXCE),DXCE,Lipids,https://mad.ibcp.fr/molecule/DXCE?version=731674076127774615
C(d18:1/24:1) CER (PNCE),PNCE,Lipids,https://mad.ibcp.fr/molecule/PNCE?version=731674116221359113
C(d24:1/24:1) CER (XNCE),XNCE,Lipids,https://mad.ibcp.fr/molecule/XNCE?version=731674158773642656
palmitoyl-CoA,PCA,Lipids,https://mad.ibcp.fr/molecule/PCA?version=731674202431954400
Butanol,C4OH,"Solvents, Small molecule",https://mad.ibcp.fr/molecule/C4OH?version=765802311302909677
Dexamethasone succinate,DEXS,Small molecule,https://mad.ibcp.fr/molecule/DEXS?version=813527547014997173
D-glucopyranose,GLC,Sugars,https://mad.ibcp.fr/molecule/GLC?version=820709763960906070
beta-D-mannopyranose,MAN,Sugars,https://mad.ibcp.fr/molecule/MAN?version=820712141140497900
beta-D-galactopyranose,GAL,Sugars,https://mad.ibcp.fr/molecule/GAL?version=820713630936441255
beta-D-fructofuranose,FRUF,Sugars,https://mad.ibcp.fr/molecule/FRUF?version=820714790353875909
beta-L-fucopyranose,LFUC,Sugars,https://mad.ibcp.fr/molecule/LFUC?version=820716012466172123
beta-L-rhamnopyranose,LRHA,Sugars,https://mad.ibcp.fr/molecule/LRHA?version=820717127155384620
beta-D-ribofuranose,RIBF,Sugars,https://mad.ibcp.fr/molecule/RIBF?version=820718260164424136
beta-D-xylopyranose,XYL,Sugars,https://mad.ibcp.fr/molecule/XYL?version=820719262384660064
myo-inositol,INO,Sugars,https://mad.ibcp.fr/molecule/INO?version=820720161544095757
beta-D-glucuronic acid,GLA,Sugars,https://mad.ibcp.fr/molecule/GLA?version=820722250154889681
beta-N-acetyl-D-glucosamine,GYN,Sugars,https://mad.ibcp.fr/molecule/GYN?version=820723694702400373
beta-Lactose,LAC,Sugars,https://mad.ibcp.fr/molecule/LAC?version=820730973224162929
Sucrose,SUCR,Sugars,https://mad.ibcp.fr/molecule/SUCR?version=820731978778464743
Trehalose,TREH,Sugars,https://mad.ibcp.fr/molecule/TREH?version=820733112352696164
Monosialodihexosylganglioside,DPG3,Lipids,https://mad.ibcp.fr/molecule/DPG3?version=838991444671996362
Globotriaosylceramide,Gb3,Lipids,https://mad.ibcp.fr/molecule/Gb3?version=838992590868495498
